company,year,green_ratio,low_carbon_ratio,posts_to_capex,posts_to_capex_normalized
exxon,2017,0,0.020614306320346318,0,-1
exxon,2018,0.6923076923076923,0.01838573266409266,37.65461539967723,0.9482597361448148
exxon,2019,0.4666666666666667,0.0153115908681672,30.478000012191206,0.9364635618773298
exxon,2020,0.6,0.02225189140186916,26.9640000107856,0.9284794736365111
exxon,2021,0.4358974358974359,0.02225189140186916,19.58923077706646,0.9028618396842818
exxon,2022,0.5897435897435898,0.14669603524229075,4.020174020174021,0.6016074359249659
exxon,2023,0.8273809523809523,0.1332,6.21156871156871,0.7226678299838392
exxon,2024,0.8846153846153846,0.13875,6.375606375606375,0.7288358545522879
